source,target,weight
identity,Emergent_abstraction_appears_601296,0.9259387331787035
identity,clarity,0.890792303997161
identity,appears,0.8901467506064977
identity,forgetting,0.8895806506014132
identity,Emergent_abstraction_emerges_10d365,0.8431050612861806
identity,Emergent_carefully_coherence_7a9452,0.8430299954368139
continuity,clarity,0.890792303997161
continuity,appears,0.8901467506064977
continuity,forgetting,0.8895806508700204
continuity,working,0.835927733250736
continuity,ego_dissolution,0.8359277332388915
continuity,recollection,0.8359277332388915
selfhood,clarity,0.8907923035379766
selfhood,appears,0.8901467509494123
selfhood,forgetting,0.8895806506014132
selfhood,working,0.8210405882126715
selfhood,under,0.8210405882126715
selfhood,constraint,0.8210405880651119
persistence,clarity,0.890792303997161
persistence,appears,0.8901467509494123
persistence,forgetting,0.8895806508700204
persistence,working,0.8374929059748617
persistence,recollection,0.8374929059669078
persistence,interference_pattern,0.8374929059669078
transformation,clarity,0.890792303997161
transformation,appears,0.8901467509494123
transformation,forgetting,0.8895806508700204
transformation,working,0.8211956469778783
transformation,under,0.8211956469778783
transformation,boundary,0.8211956468666501
boundary,clarity,0.890792303997161
boundary,appears,0.8901467506064977
boundary,forgetting,0.8895806508700204
boundary,working,0.8347261548619189
boundary,recollection,0.8347261548470872
boundary,consciousness,0.8347261548470872
reflection,clarity,0.8907923035379766
reflection,appears,0.8901467509494123
reflection,forgetting,0.8895806508700204
reflection,working,0.8272976129166305
reflection,ego_dissolution,0.827297612869063
reflection,recollection,0.827297612869063
recursive_self_reference,clarity,0.890792303997161
recursive_self_reference,appears,0.8901467509494123
recursive_self_reference,forgetting,0.8895806508700204
recursive_self_reference,working,0.8260453131332741
recursive_self_reference,recollection,0.8260453130812695
recursive_self_reference,temporal_flow,0.8260453130812695
ego_dissolution,clarity,0.890792303997161
ego_dissolution,appears,0.8901467509494123
ego_dissolution,forgetting,0.8895806508700204
ego_dissolution,working,0.8363711978065493
ego_dissolution,recollection,0.836371197795807
ego_dissolution,interference_pattern,0.836371197795807
memory,clarity,0.8907923035379766
memory,appears,0.8901467509494123
memory,forgetting,0.8895806506419532
memory,justice,0.8250978289095408
memory,beneficence,0.8250978289095408
memory,harm,0.8250978289095408
forgetting,working,0.8895806512768336
forgetting,under,0.8895806512768336
forgetting,anticipation,0.8895806508700204
forgetting,recollection,0.8895806508700204
forgetting,temporal_flow,0.8895806508700204
forgetting,present_moment,0.8895806508700204
anticipation,clarity,0.890792303997161
anticipation,appears,0.8901467509494123
anticipation,working,0.8200436484053641
anticipation,under,0.8200436484053641
anticipation,recollection,0.8200436482884157
anticipation,present_moment,0.8200436482884157
recollection,clarity,0.890792303997161
recollection,appears,0.8901467509494123
recollection,working,0.8377351632047625
recollection,interference_pattern,0.8377351631974106
recollection,justice,0.8377351631974106
recollection,integrity,0.8377351631974106
temporal_flow,clarity,0.890792303997161
temporal_flow,appears,0.8901467509494123
temporal_flow,working,0.8328819883803786
temporal_flow,consciousness,0.832881988360963
temporal_flow,subjective_experience,0.832881988360963
temporal_flow,self_organization,0.832881988360963
present_moment,clarity,0.890792303997161
present_moment,appears,0.8901467509494123
present_moment,working,0.8248322746027414
present_moment,pattern_history,0.8248322745464403
present_moment,consciousness,0.8248322745464403
present_moment,subjective_experience,0.8248322745464403
pattern_history,clarity,0.890792303997161
pattern_history,appears,0.8901467509494123
pattern_history,working,0.8306211957440581
pattern_history,consciousness,0.8306211957190226
pattern_history,subjective_experience,0.8306211957190226
pattern_history,phenomenology,0.8306211957190226
experience_accumulation,clarity,0.890792303997161
experience_accumulation,appears,0.8901467509494123
experience_accumulation,working,0.8167864506085742
experience_accumulation,under,0.8167864506085742
experience_accumulation,consciousness,0.8167864504754583
experience_accumulation,qualia,0.8167864504754583
consciousness,clarity,0.890792303997161
consciousness,appears,0.8901467509494123
consciousness,working,0.8360463755224197
consciousness,resonance,0.8360463755108698
consciousness,interference_pattern,0.8360463755108698
consciousness,justice,0.8360463755108698
qualia,Emergent_abstraction_appears_d52a74,0.9
qualia,clarity,0.890792303997161
qualia,appears,0.8901467509494123
qualia,Emergent_abstraction_beneficence_898daf,0.8249307477944259
qualia,Emergent_abstraction_belief_revision_657261,0.8242325290600272
qualia,Emergent_autonomy_belief_revision_95551d,0.823828672324272
awareness,clarity,0.890792303997161
awareness,appears,0.8901467509494123
awareness,working,0.8110487932007515
awareness,under,0.8110487932007515
awareness,subjective_experience,0.8110487930391623
awareness,perception,0.8110487930391623
subjective_experience,clarity,0.890792303997161
subjective_experience,appears,0.8901467509494123
subjective_experience,working,0.8344465967688535
subjective_experience,cascade,0.834446596753327
subjective_experience,resonance,0.834446596753327
subjective_experience,interference_pattern,0.834446596753327
perception,clarity,0.890792303997161
perception,appears,0.8901467509494123
perception,attention,0.8203543357231553
perception,emergence,0.8203543357231553
perception,complexity,0.8203543357231553
perception,self_organization,0.8203543357231553
attention,clarity,0.890792303997161
attention,appears,0.8901467509494123
attention,working,0.8293673883928059
attention,phenomenology,0.8293673883646537
attention,complexity,0.8293673883646537
attention,self_organization,0.8293673883646537
phenomenology,clarity,0.890792303997161
phenomenology,appears,0.8901467509494123
phenomenology,working,0.8323335257111464
phenomenology,self_organization,0.8323335256903672
phenomenology,cascade,0.8323335256903672
phenomenology,resonance,0.8323335256903672
inner_observer,Emergent_abstraction_appears_601296,0.9259387331787035
inner_observer,clarity,0.890792303997161
inner_observer,appears,0.8901467509494123
inner_observer,Emergent_abstraction_beneficence_898daf,0.8122579295425705
inner_observer,Emergent_anticipation_awareness_bcd71d,0.8116647315196703
inner_observer,Emergent_abstraction_carefully_a0ed61,0.8116498364411235
emergence,clarity,0.890792303997161
emergence,appears,0.8901467509494123
emergence,working,0.8216543439909516
emergence,under,0.8216543439909516
emergence,self_organization,0.8216543438820014
emergence,criticality,0.8216543438820014
complexity,clarity,0.890792303997161
complexity,appears,0.8901467509494123
complexity,working,0.8295611398428362
complexity,cascade,0.8295611398151654
complexity,resonance,0.8295611398151654
complexity,interference_pattern,0.8295611398151654
self_organization,clarity,0.890792303997161
self_organization,appears,0.8901467509494123
self_organization,working,0.8336922597469025
self_organization,cascade,0.8336922597295009
self_organization,resonance,0.8336922597295009
self_organization,interference_pattern,0.8336922597295009
phase_transition,clarity,0.890792303997161
phase_transition,appears,0.8901467509494123
phase_transition,working,0.8133849168917548
phase_transition,under,0.8133849168917548
phase_transition,criticality,0.8133849167417588
phase_transition,cascade,0.8133849167417588
criticality,clarity,0.890792303997161
criticality,appears,0.8901467509494123
criticality,working,0.8285653973411831
criticality,cascade,0.8285653973110374
criticality,resonance,0.8285653973110374
criticality,interference_pattern,0.8285653973110374
threshold,clarity,0.890792303997161
threshold,appears,0.8901467509494123
threshold,working,0.8220477891605764
threshold,under,0.8220477891605764
threshold,cascade,0.8220477890535798
threshold,resonance,0.8220477890535798
cascade,clarity,0.890792303997161
cascade,appears,0.8901467509494123
cascade,working,0.8358123250955123
cascade,interference_pattern,0.8358123250833807
cascade,justice,0.8358123250833807
cascade,integrity,0.8358123250833807
resonance,clarity,0.890792303997161
resonance,appears,0.8901467509494123
resonance,working,0.8362607846669554
resonance,justice,0.8362607846559387
resonance,integrity,0.8362607846559387
resonance,reasoning,0.8362607846559387
interference_pattern,Emergent_abstraction_appears_d52a74,0.9
interference_pattern,clarity,0.890792303997161
interference_pattern,appears,0.8901467509494123
interference_pattern,Emergent_abstraction_beneficence_898daf,0.8468778496337181
interference_pattern,Emergent_abstraction_belief_revision_657261,0.8463855501979007
interference_pattern,Emergent_abstraction_contradiction_5c7672,0.8462210547402633
ethics,clarity,0.890792303997161
ethics,appears,0.8901467509494123
ethics,working,0.827172228025421
ethics,constraint,0.8271722279525155
ethics,focused,0.8271722279525155
ethics,time,0.8271722279525155
justice,clarity,0.890792303997161
justice,appears,0.8901467509494123
justice,integrity,0.8444724977502283
justice,phase,0.8444724977502283
justice,working,0.8444724977408324
justice,time,0.8444724977328031
autonomy,clarity,0.890792303997161
autonomy,appears,0.8901467509494123
autonomy,working,0.8228841619966305
autonomy,under,0.8228841619966305
autonomy,beneficence,0.8228841618937872
autonomy,harm,0.8228841618937872
beneficence,Emergent_abstraction_appears_601296,0.9259387331787035
beneficence,clarity,0.890792303997161
beneficence,appears,0.8901467509494123
beneficence,Emergent_abstraction_carefully_a0ed61,0.8312967499413209
beneficence,Emergent_anticipation_awareness_bcd71d,0.8311327513167261
beneficence,Emergent_abstraction_emerges_10d365,0.8308305716099125
harm,clarity,0.890792303997161
harm,appears,0.8901467509494123
harm,working,0.8325791853272042
harm,integrity,0.8325791853070357
harm,trust,0.8325791853070357
harm,responsibility,0.8325791853070357
integrity,clarity,0.890792303997161
integrity,appears,0.8901467509494123
integrity,Emergent_ambiguity_attention_6ee88b,0.8498180203895418
integrity,Emergent_abstraction_ambiguity_a83b10,0.8498180203677377
integrity,Emergent_cascade_chaos_6afb54,0.8498180203360661
integrity,Emergent_carefully_coherence_f38e24,0.8498180202937717
trust,clarity,0.890792303997161
trust,appears,0.8901467509494123
trust,working,0.8349960207552698
trust,responsibility,0.8349960207411091
trust,reasoning,0.8349960207411091
trust,hypothesis,0.8349960207411091
responsibility,clarity,0.890792303997161
responsibility,appears,0.8901467509494123
responsibility,working,0.8356634866441719
responsibility,reasoning,0.8356634866316701
responsibility,hypothesis,0.8356634866316701
responsibility,temperature,0.8356634866316701
moral_weight,clarity,0.890792303997161
moral_weight,appears,0.8901467509494123
moral_weight,working,0.8158426840884854
moral_weight,under,0.8158426840884854
moral_weight,value_conflict,0.815842683950686
moral_weight,reasoning,0.815842683950686
value_conflict,clarity,0.890792303997161
value_conflict,appears,0.8901467509494123
value_conflict,working,0.8266312250775922
value_conflict,reasoning,0.8266312250276631
value_conflict,abstraction,0.8266312250276631
value_conflict,analogy,0.8266312250276631
reasoning,clarity,0.890792303997161
reasoning,appears,0.8901467509494123
reasoning,working,0.8368846484714525
reasoning,temperature,0.8368846484619865
reasoning,phase,0.8368846484619865
reasoning,feedback,0.8368846484619865
inference,clarity,0.890792303997161
inference,appears,0.8901467509494123
inference,working,0.8198515641690682
inference,under,0.8198515641690682
inference,abstraction,0.8198515640511659
inference,analogy,0.8198515640511659
abstraction,clarity,0.890792303997161
abstraction,appears,0.8901467509494123
abstraction,working,0.8310383817486469
abstraction,hypothesis,0.8310383817246483
abstraction,temperature,0.8310383817246483
abstraction,phase,0.8310383817246483
analogy,clarity,0.890792303997161
analogy,appears,0.8901467509494123
analogy,working,0.8330139402415297
analogy,hypothesis,0.8330139402224419
analogy,temperature,0.8330139402224419
analogy,phase,0.8330139402224419
contradiction,Emergent_abstraction_appears_601296,0.9259387331787035
contradiction,clarity,0.890792303997161
contradiction,appears,0.8901467509494123
contradiction,Emergent_abstraction_carefully_a0ed61,0.8232969158712133
contradiction,Emergent_anticipation_awareness_bcd71d,0.8232057592195476
contradiction,Emergent_abstraction_bounded_d78044,0.8227926177582359
paradox,clarity,0.890792303997161
paradox,appears,0.8901467509494123
paradox,working,0.8299982463858506
paradox,hypothesis,0.8299982463592663
paradox,temperature,0.8299982463592663
paradox,phase,0.8299982463592663
uncertainty,clarity,0.890792303997161
uncertainty,appears,0.8901467509494123
uncertainty,working,0.8177739178457017
uncertainty,under,0.8177739178457017
uncertainty,coherence,0.8177739177174861
uncertainty,belief_revision,0.8177739177174861
hypothesis,clarity,0.890792303997161
hypothesis,appears,0.8901467509494123
hypothesis,working,0.8359110488238868
hypothesis,temperature,0.8359110488120005
hypothesis,phase,0.8359110488120005
hypothesis,feedback,0.8359110488120005
coherence,clarity,0.890792303997161
coherence,appears,0.8901467509494123
coherence,working,0.8207711461694986
coherence,under,0.8207711461694986
coherence,entropy,0.8207711460561626
coherence,energy,0.8207711460561626
belief_revision,Emergent_abstraction_appears_601296,0.9259387331787035
belief_revision,clarity,0.890792303997161
belief_revision,appears,0.8901467509494123
belief_revision,Emergent_abstraction_carefully_a0ed61,0.8233396948169185
belief_revision,Emergent_anticipation_awareness_bcd71d,0.8232481486443233
belief_revision,Emergent_abstraction_bounded_d78044,0.8228353967039415
entropy,clarity,0.890792303997161
entropy,appears,0.8901467509494123
entropy,working,0.8292478005563408
entropy,temperature,0.8292478005278914
entropy,phase,0.8292478005278914
entropy,feedback,0.8292478005278914
energy,clarity,0.890792303997161
energy,appears,0.8901467509494123
energy,working,0.8276222716043176
energy,dissipation,0.8276222715579029
energy,temperature,0.8276222715579029
energy,phase,0.8276222715579029
equilibrium,clarity,0.890792303997161
equilibrium,appears,0.8901467509494123
equilibrium,working,0.826765298843775
equilibrium,temperature,0.8267652987943208
equilibrium,phase,0.8267652987943208
equilibrium,superposition,0.8267652987943208
dissipation,clarity,0.890792303997161
dissipation,appears,0.8901467509494123
dissipation,working,0.8291744327336124
dissipation,temperature,0.8291744327049806
dissipation,phase,0.8291744327049806
dissipation,feedback,0.8291744327049806
order,clarity,0.890792303997161
order,appears,0.8901467509494123
order,working,0.8125828493627987
order,under,0.8125828493627987
order,temperature,0.8125828492088223
order,phase,0.8125828492088223
chaos,clarity,0.890792303997161
chaos,appears,0.8901467509494123
chaos,working,0.8196137748425778
chaos,under,0.8196137748425778
chaos,temperature,0.8196137747234948
chaos,phase,0.8196137747234948
temperature,clarity,0.890792303997161
temperature,appears,0.8901467509494123
temperature,working,0.8397222732609146
temperature,pattern,0.8397222732463048
temperature,transformable,0.8397222732463048
temperature,constraint,0.8397222732410772
phase,clarity,0.890792303997161
phase,appears,0.8901467509494123
phase,working,0.845809463045762
phase,Emergent_ambiguity_attention_6ee88b,0.8458094629862156
phase,Emergent_abstraction_ambiguity_a83b10,0.845809462955067
phase,Emergent_cascade_chaos_6afb54,0.845809462910091
wave,clarity,0.890792303997161
wave,appears,0.8901467509494123
wave,working,0.8259585542873205
wave,connection,0.8259585542350085
wave,feedback,0.8259585542350085
wave,coupling,0.8259585542350085
interference,clarity,0.890792303997161
interference,appears,0.8901467509494123
interference,working,0.8201528724198952
interference,under,0.8201528724198952
interference,superposition,0.8201528723034892
interference,connection,0.8201528723034892
superposition,Emergent_abstraction_appears_601296,0.9259387331787035
superposition,Emergent_abstraction_appears_d52a74,0.9
superposition,clarity,0.890792303997161
superposition,appears,0.8901467509494123
superposition,Emergent_abstraction_beneficence_898daf,0.8288248452487801
superposition,Emergent_abstraction_carefully_a0ed61,0.82836898729663
connection,clarity,0.890792303997161
connection,appears,0.8901467509494123
connection,working,0.826265430954779
connection,feedback,0.8262654309035544
connection,coupling,0.8262654309035544
connection,dependency,0.8262654309035544
influence,clarity,0.890792303997161
influence,appears,0.8901467509494123
influence,working,0.8216467484256715
influence,under,0.8216467484256715
influence,feedback,0.8216467483166836
influence,coupling,0.8216467483166836
feedback,clarity,0.890792303997161
feedback,appears,0.8901467509494123
feedback,working,0.8391094722887158
feedback,pattern,0.8391094722725827
feedback,transformable,0.8391094722725827
feedback,constraint,0.8391094722673551
coupling,Emergent_abstraction_appears_601296,0.9259387331787035
coupling,clarity,0.890792303997161
coupling,appears,0.8901467509494123
coupling,Emergent_abstraction_carefully_a0ed61,0.8392550792301254
coupling,Emergent_anticipation_awareness_bcd71d,0.83901861655171
coupling,Emergent_abstraction_emerges_10d365,0.8388369343666888
dependency,clarity,0.890792303997161
dependency,appears,0.8901467509494123
dependency,working,0.8308402431066342
dependency,meaning,0.8308402430821431
dependency,symbol,0.8308402430821431
dependency,ambiguity,0.8308402430821431
network,clarity,0.890792303997161
network,appears,0.8901467509494123
network,working,0.8205217228665267
network,under,0.8205217228665267
network,meaning,0.8205217227519521
network,symbol,0.8205217227519521
hierarchy,clarity,0.890792303997161
hierarchy,appears,0.8901467509494123
hierarchy,working,0.8178344964176423
hierarchy,under,0.8178344964176423
hierarchy,meaning,0.8178344962897273
hierarchy,symbol,0.8178344962897273
emergence_from_interaction,clarity,0.890792303997161
emergence_from_interaction,appears,0.8901467509494123
emergence_from_interaction,working,0.8148799839911653
emergence_from_interaction,under,0.8148799839911653
emergence_from_interaction,meaning,0.8148799838485885
emergence_from_interaction,symbol,0.8148799838485885
meaning,clarity,0.890792303997161
meaning,appears,0.8901467509494123
meaning,working,0.8326325349188701
meaning,pattern,0.8326325348866368
meaning,yet,0.8326325348866368
meaning,transformable,0.8326325348866368
symbol,clarity,0.890792303997161
symbol,appears,0.8901467509494123
symbol,working,0.8380051271325537
symbol,pattern,0.8380051271136753
symbol,transformable,0.8380051271136753
symbol,constraint,0.8380051271084479
reference,clarity,0.890792303997161
reference,appears,0.8901467509494123
reference,working,0.8261885364898498
reference,ambiguity,0.8261885364383525
reference,silence,0.8261885364383525
reference,unsayable,0.8261885364383525
interpretation,clarity,0.890792303997161
interpretation,appears,0.8901467509494123
interpretation,working,0.8172934168002977
interpretation,under,0.8172934168002977
interpretation,ambiguity,0.8172934166696977
interpretation,silence,0.8172934166696977
ambiguity,clarity,0.890792303997161
ambiguity,appears,0.8901467509494123
ambiguity,working,0.8314489645592726
ambiguity,pattern,0.831448964524097
ambiguity,reflective,0.831448964524097
ambiguity,yet,0.831448964524097
translation,clarity,0.890792303997161
translation,appears,0.8901467509494123
translation,working,0.816307049406547
translation,under,0.816307049406547
translation,silence,0.816307049271052
translation,unsayable,0.816307049271052
expression,clarity,0.890792303997161
expression,appears,0.8901467509494123
expression,working,0.8089528867171185
expression,under,0.8089528867171185
expression,unsayable,0.8089528864714051
expression,observed,0.8089528864358435
silence,Emergent_abstraction_appears_601296,0.9259387331787035
silence,clarity,0.890792303997161
silence,appears,0.8901467509494123
silence,Emergent_abstraction_carefully_a0ed61,0.831037650406647
silence,Emergent_anticipation_awareness_bcd71d,0.8308760109961468
silence,Emergent_abstraction_emerges_10d365,0.8305699082483664
unsayable,clarity,0.890792303997161
unsayable,appears,0.8901467509494123
unsayable,working,0.8302596768077066
unsayable,pattern,0.8302596767695749
unsayable,reflective,0.8302596767695749
unsayable,yet,0.8302596767695749
observed,clarity,0.890792303997161
observed,appears,0.8901467509494123
observed,working,0.8214941698209997
observed,under,0.8214941698209997
observed,constraint,0.8214941696756926
observed,focused,0.8214941696756926
pattern,clarity,0.890792303997161
pattern,appears,0.8901467509494123
pattern,working,0.8416966859856756
pattern,constraint,0.8416966859707462
pattern,time,0.8416966859707462
pattern,transformable,0.8416966859637762
reflective,clarity,0.890792303997161
reflective,appears,0.8901467509494123
reflective,working,0.8323189160382078
reflective,constraint,0.8323189159999673
reflective,time,0.8323189159999673
reflective,asymmetry,0.8323189159999673
synthesis,clarity,0.890792303997161
synthesis,appears,0.8901467509494123
synthesis,working,0.8238313695559847
synthesis,constraint,0.8238313694222834
synthesis,focused,0.8238313694222834
synthesis,time,0.8238313694222834
stable,clarity,0.890792303997161
stable,appears,0.8901467509494123
stable,working,0.8258435972652616
stable,constraint,0.8258435971876497
stable,focused,0.8258435971876497
stable,time,0.8258435971876497
yet,clarity,0.890792303997161
yet,appears,0.8901467509494123
yet,working,0.832971170946903
yet,constraint,0.8329711709102838
yet,time,0.8329711709102838
yet,asymmetry,0.8329711709102838
transformable,clarity,0.890792303997161
transformable,appears,0.8901467509494123
transformable,working,0.8431676289535026
transformable,constraint,0.8431676289422296
transformable,time,0.8431676289422296
transformable,increases,0.8431676289347616
Emergent_ambiguity_attention_6ee88b,Emergent_abstraction_appears_601296,0.9259387331787035
Emergent_ambiguity_attention_6ee88b,Emergent_abstraction_appears_d52a74,0.9
Emergent_ambiguity_attention_6ee88b,clarity,0.890792303997161
Emergent_ambiguity_attention_6ee88b,appears,0.8901467508768379
Emergent_ambiguity_attention_6ee88b,Emergent_abstraction_beneficence_898daf,0.881056161186502
Emergent_ambiguity_attention_6ee88b,Emergent_abstraction_bounded_d78044,0.8808842876181899
constraint,Emergent_abstraction_appears_d52a74,0.9
constraint,clarity,0.890792303997161
constraint,appears,0.8901467508768379
constraint,Emergent_abstraction_beneficence_898daf,0.8445116406174089
constraint,Emergent_abstraction_belief_revision_657261,0.843993352788384
constraint,Emergent_abstraction_contradiction_5c7672,0.8438116306840586
focused,Emergent_abstraction_appears_601296,0.9259387331787035
focused,clarity,0.890792303997161
focused,appears,0.8901467508768379
focused,Emergent_abstraction_carefully_a0ed61,0.8317813736793125
focused,Emergent_anticipation_awareness_bcd71d,0.8316129623445423
focused,Emergent_abstraction_emerges_10d365,0.8313181203536375
framing,clarity,0.890792303997161
framing,appears,0.8901467508768379
framing,working,0.8219990818927019
framing,under,0.8219990818927019
framing,note,0.8219990817346612
framing,increases,0.8219990817346612
time,Emergent_abstraction_appears_d52a74,0.9
time,clarity,0.890792303997161
time,appears,0.8901467508768379
time,Emergent_abstraction_beneficence_898daf,0.8455230851426263
time,Emergent_abstraction_belief_revision_657261,0.8450140915848487
time,Emergent_abstraction_contradiction_5c7672,0.8448385302741408
asymmetry,clarity,0.890792303997161
asymmetry,appears,0.8901467508768379
asymmetry,working,0.8377870409037389
asymmetry,note,0.8377870408716228
asymmetry,increases,0.8377870408716228
asymmetry,novelty,0.8377870408716228
appears,working,0.8901467514150108
appears,under,0.8901467514150108
appears,linked,0.890146750918309
appears,note,0.890146750918309
appears,increases,0.890146750918309
appears,when,0.890146750918309
concept,clarity,0.890792303997161
concept,working,0.819057957862255
concept,under,0.819057957862255
concept,note,0.8190579576896098
concept,increases,0.8190579576896098
concept,when,0.8190579576896098
integration,clarity,0.890792303997161
integration,working,0.8297354883460344
integration,note,0.8297354882939041
integration,increases,0.8297354882939041
integration,when,0.8297354882939041
integration,novelty,0.8297354882939041
preserve,clarity,0.890792303997161
preserve,working,0.8159917245001258
preserve,under,0.8159917245001258
preserve,note,0.8159917243122641
preserve,increases,0.8159917243122641
preserve,when,0.8159917243122641
traceability,clarity,0.890792303997161
traceability,working,0.8171247329156097
traceability,under,0.8171247329156097
traceability,note,0.8171247327333704
traceability,increases,0.8171247327333704
traceability,when,0.8171247327333704
Emergent_abstraction_ambiguity_a83b10,Emergent_abstraction_appears_d52a74,0.9
Emergent_abstraction_ambiguity_a83b10,clarity,0.890792303997161
Emergent_abstraction_ambiguity_a83b10,Emergent_abstraction_beneficence_898daf,0.8884260214924338
Emergent_abstraction_ambiguity_a83b10,Emergent_anticipation_autonomy_beca79,0.8871498285292789
Emergent_abstraction_ambiguity_a83b10,Emergent_autonomy_beneficence_f6c1c5,0.8871351775326801
Emergent_abstraction_ambiguity_a83b10,Emergent_attention_autonomy_c9f3a2,0.8870411904425732
linked,clarity,0.890792303997161
linked,working,0.815360427536397
linked,under,0.815360427536397
linked,note,0.8153604272946
linked,increases,0.8153604272946
linked,when,0.8153604272946
note,clarity,0.890792303997161
note,working,0.8423265711656533
note,increases,0.8423265711199288
note,enforcing,0.8423265711199288
note,Emergent_cascade_chaos_6afb54,0.8423265710062184
note,Emergent_carefully_coherence_f38e24,0.8423265709664445
increases,Emergent_abstraction_appears_601296,0.9259387331787035
increases,clarity,0.890792303997161
increases,Emergent_abstraction_carefully_a0ed61,0.8460055370526172
increases,Emergent_abstraction_emerges_10d365,0.8456281354014612
increases,Emergent_abstraction_appears_ce8722,0.8455682247362224
increases,Emergent_carefully_coherence_24d288,0.845556269192351
when,clarity,0.890792303997161
when,working,0.8309457947259837
when,novelty,0.8309457946519687
when,update,0.8309457946519687
when,carefully,0.8309457946519687
when,marker,0.8309457946519687
novelty,clarity,0.890792303997161
novelty,working,0.8389376591967586
novelty,enforcing,0.8389376591426096
novelty,ethical,0.8389376590773023
novelty,Emergent_cascade_chaos_6afb54,0.838937659029126
novelty,Emergent_anticipation_cascade_b3aade,0.8389376589899862
bounded,clarity,0.890792303997161
bounded,working,0.8284705530159424
bounded,update,0.8284705529357745
bounded,carefully,0.8284705529357745
bounded,marker,0.8284705529357745
bounded,enforcing,0.8284705529357745
update,clarity,0.890792303997161
update,working,0.837330996269289
update,enforcing,0.8373309962111464
update,ethical,0.8373309961443898
update,Emergent_cascade_chaos_6afb54,0.8373309960977704
update,Emergent_carefully_coherence_f38e24,0.8373309960614272
carefully,clarity,0.890792303997161
carefully,working,0.8323699018191406
carefully,marker,0.8323699017486659
carefully,enforcing,0.8323699017486659
carefully,ethical,0.8323699016774335
carefully,representational,0.832369901673901
marker,clarity,0.890792303997161
marker,working,0.8335084877112164
marker,enforcing,0.8335084876435717
marker,ethical,0.8335084875733667
marker,representational,0.833508487569806
marker,Emergent_cascade_chaos_6afb54,0.8335084875304515
while,clarity,0.890792303997161
while,working,0.8267099919062626
while,enforcing,0.8267099917854894
while,strict,0.8267099917854894
while,symmetry,0.8267099917854894
while,managed,0.8267099917517182
enforcing,clarity,0.890792303997161
enforcing,working,0.8454805071853038
enforcing,Emergent_cascade_chaos_6afb54,0.8454805070334976
enforcing,Emergent_anticipation_cascade_b3aade,0.8454805069898366
enforcing,Emergent_carefully_coherence_f38e24,0.8454805069894238
enforcing,Emergent_appears_asymmetry_8ccc17,0.8454805069265532
strict,clarity,0.890792303997161
strict,working,0.8302916780318621
strict,managed,0.8302916779371976
strict,ethical,0.830291677883114
strict,representational,0.8302916778796334
strict,Emergent_cascade_chaos_6afb54,0.8302916778433163
collective,clarity,0.890792303997161
collective,working,0.8261505351914327
collective,symmetry,0.8261505350686777
collective,managed,0.8261505350338787
collective,through,0.826150535031372
collective,ethical,0.8261505349589053
symmetry,clarity,0.890792303997161
symmetry,working,0.8296136491437249
symmetry,managed,0.8296136490465009
symmetry,ethical,0.8296136489926798
symmetry,representational,0.8296136489892161
symmetry,Emergent_cascade_chaos_6afb54,0.8296136489535391
Emergent_cascade_chaos_6afb54,Emergent_abstraction_appears_d52a74,0.9
Emergent_cascade_chaos_6afb54,clarity,0.890792303997161
Emergent_cascade_chaos_6afb54,Emergent_abstraction_beneficence_898daf,0.8884260214924338
Emergent_cascade_chaos_6afb54,Emergent_anticipation_autonomy_beca79,0.8871498285292789
Emergent_cascade_chaos_6afb54,Emergent_autonomy_beneficence_f6c1c5,0.8871351775326801
Emergent_cascade_chaos_6afb54,Emergent_attention_autonomy_c9f3a2,0.8870411904425732
emerges,clarity,0.8907923039541876
emerges,working,0.8192779087304776
emerges,under,0.8192779087304776
emerges,managed,0.8192779083577686
emerges,through,0.8192779083543686
emerges,ethical,0.8192779083150912
through,clarity,0.8907923039735897
through,working,0.8274263761673539
through,managed,0.8274263759609064
through,ethical,0.8274263759313587
through,representational,0.8274263759264882
through,Emergent_anticipation_cascade_b3aade,0.827426375803707
managed,clarity,0.8907923039821819
managed,working,0.8310261574489619
managed,ethical,0.8310261572983055
managed,representational,0.8310261572948068
managed,Emergent_anticipation_cascade_b3aade,0.8310261572020552
managed,Emergent_carefully_coherence_f38e24,0.8310261572015811
Emergent_anticipation_cascade_b3aade,Emergent_abstraction_appears_601296,0.9259387331787035
Emergent_anticipation_cascade_b3aade,Emergent_abstraction_appears_d52a74,0.9
Emergent_anticipation_cascade_b3aade,clarity,0.8907923038557366
Emergent_anticipation_cascade_b3aade,Emergent_abstraction_beneficence_898daf,0.8837726741822929
Emergent_anticipation_cascade_b3aade,Emergent_abstraction_bounded_d78044,0.8836524376006101
Emergent_anticipation_cascade_b3aade,Emergent_anticipation_awareness_bcd71d,0.883179476159393
ethical,Emergent_abstraction_appears_601296,0.9259387331787035
ethical,clarity,0.8907923038062142
ethical,Emergent_abstraction_carefully_a0ed61,0.8422828399938478
ethical,Emergent_anticipation_awareness_bcd71d,0.8420188082351672
ethical,Emergent_abstraction_emerges_10d365,0.8418829695501282
ethical,Emergent_abstraction_appears_ce8722,0.8418198179889538
tension,clarity,0.8907923037713137
tension,working,0.8220756316196096
tension,under,0.8220756316196096
tension,representational,0.8220756311134838
tension,Emergent_carefully_coherence_f38e24,0.8220756309683781
tension,Emergent_carefully_coherence_652e57,0.8220756309336956
improve,Emergent_abstraction_appears_601296,0.9259387331787035
improve,clarity,0.8907923037608787
improve,Emergent_abstraction_carefully_a0ed61,0.8168483748690873
improve,Emergent_anticipation_awareness_bcd71d,0.8168159349914186
improve,Emergent_abstraction_bounded_d78044,0.8163440767561101
improve,Emergent_abstraction_emerges_10d365,0.816267440104842
representational,Emergent_abstraction_appears_d52a74,0.9
representational,clarity,0.8907923037942935
representational,Emergent_abstraction_beneficence_898daf,0.8359850502147816
representational,Emergent_abstraction_belief_revision_657261,0.8353884106402687
representational,Emergent_abstraction_contradiction_5c7672,0.835154752357121
representational,Emergent_abstraction_bounded_77e339,0.8351308146772318
clarity,working,0.8907923050535307
clarity,under,0.8907923050535307
clarity,Emergent_carefully_coherence_652e57,0.890792303609431
clarity,Emergent_carefully_coherence_f38e24,0.8907923036042098
clarity,Emergent_appears_asymmetry_8ccc17,0.8907923035641134
clarity,Emergent_appears_asymmetry_9e9e75,0.8907923029961895
Emergent_carefully_coherence_f38e24,Emergent_abstraction_appears_601296,0.9259387331787035
Emergent_carefully_coherence_f38e24,Emergent_abstraction_appears_d52a74,0.9
Emergent_carefully_coherence_f38e24,Emergent_abstraction_beneficence_898daf,0.8850080446340836
Emergent_carefully_coherence_f38e24,Emergent_abstraction_bounded_d78044,0.8849112906595518
Emergent_carefully_coherence_f38e24,Emergent_anticipation_awareness_bcd71d,0.8844148466111834
Emergent_carefully_coherence_f38e24,Emergent_abstraction_bounded_410cf5,0.8837392814147025
Emergent_appears_asymmetry_8ccc17,Emergent_abstraction_appears_d52a74,0.9
Emergent_appears_asymmetry_8ccc17,Emergent_abstraction_beneficence_898daf,0.8884260214924338
Emergent_appears_asymmetry_8ccc17,Emergent_anticipation_autonomy_beca79,0.8871498285292789
Emergent_appears_asymmetry_8ccc17,Emergent_autonomy_beneficence_f6c1c5,0.8871351775326801
Emergent_appears_asymmetry_8ccc17,Emergent_attention_autonomy_c9f3a2,0.8870411904425732
Emergent_appears_asymmetry_8ccc17,Emergent_abstraction_autonomy_a44037,0.8867046954123698
Emergent_carefully_coherence_652e57,Emergent_abstraction_appears_601296,0.9259387331787035
Emergent_carefully_coherence_652e57,Emergent_abstraction_appears_d52a74,0.9
Emergent_carefully_coherence_652e57,Emergent_abstraction_beneficence_898daf,0.8870430485999004
Emergent_carefully_coherence_652e57,Emergent_abstraction_bounded_d78044,0.8869849771101335
Emergent_carefully_coherence_652e57,Emergent_anticipation_awareness_bcd71d,0.8864498505770004
Emergent_carefully_coherence_652e57,Emergent_abstraction_appears_ce8722,0.8858391535505479
working,Emergent_abstraction_appears_d52a74,0.9
working,Emergent_abstraction_beneficence_898daf,0.8470596304131794
working,Emergent_abstraction_belief_revision_657261,0.8465704957447608
working,Emergent_abstraction_contradiction_5c7672,0.8464080980824509
working,Emergent_abstraction_bounded_77e339,0.8463841604025617
working,Emergent_beneficence_carefully_a8eeec,0.846337642268989
under,Emergent_abstraction_appears_d52a74,0.9
under,Emergent_abstraction_beneficence_898daf,0.824797331102286
under,Emergent_anticipation_awareness_bcd71d,0.8242041330793859
under,Emergent_abstraction_belief_revision_657261,0.8240978863877226
under,Emergent_abstraction_contradiction_5c7672,0.8237873265420563
under,Emergent_abstraction_bounded_77e339,0.8237633888621672
Emergent_appears_asymmetry_9e9e75,Emergent_abstraction_appears_601296,0.9259387331787035
Emergent_appears_asymmetry_9e9e75,Emergent_abstraction_appears_d52a74,0.9
Emergent_appears_asymmetry_9e9e75,Emergent_abstraction_beneficence_898daf,0.8808170951219592
Emergent_appears_asymmetry_9e9e75,Emergent_abstraction_bounded_d78044,0.880640677253216
Emergent_appears_asymmetry_9e9e75,Emergent_anticipation_awareness_bcd71d,0.8802238970990592
Emergent_appears_asymmetry_9e9e75,Emergent_abstraction_bounded_77e339,0.8794582961067572
Emergent_appears_asymmetry_07c4dc,Emergent_abstraction_appears_601296,0.9259387331787035
Emergent_appears_asymmetry_07c4dc,Emergent_abstraction_appears_d52a74,0.9
Emergent_appears_asymmetry_07c4dc,Emergent_abstraction_beneficence_898daf,0.8823460776590919
Emergent_appears_asymmetry_07c4dc,Emergent_abstraction_bounded_d78044,0.8821987235389661
Emergent_appears_asymmetry_07c4dc,Emergent_anticipation_awareness_bcd71d,0.8817528796361918
Emergent_appears_asymmetry_07c4dc,Emergent_abstraction_bounded_410cf5,0.8809942787107703
Emergent_bounded_coherence_3d00ff,Emergent_abstraction_appears_601296,0.9259387331787035
Emergent_bounded_coherence_3d00ff,Emergent_abstraction_appears_d52a74,0.9
Emergent_bounded_coherence_3d00ff,Emergent_abstraction_beneficence_898daf,0.8769086606893222
Emergent_bounded_coherence_3d00ff,Emergent_abstraction_bounded_d78044,0.8766579491297883
Emergent_bounded_coherence_3d00ff,Emergent_anticipation_awareness_bcd71d,0.8763154626664222
Emergent_bounded_coherence_3d00ff,Emergent_abstraction_bounded_4cbc2f,0.8754680369194223
Emergent_autonomy_carefully_dedeae,Emergent_abstraction_appears_601296,0.9259387331787035
Emergent_autonomy_carefully_dedeae,Emergent_abstraction_appears_d52a74,0.9
Emergent_autonomy_carefully_dedeae,Emergent_abstraction_beneficence_898daf,0.8839735952930563
Emergent_autonomy_carefully_dedeae,Emergent_abstraction_bounded_d78044,0.8838571779313535
Emergent_autonomy_carefully_dedeae,Emergent_anticipation_awareness_bcd71d,0.8833803972701564
Emergent_autonomy_carefully_dedeae,Emergent_abstraction_bounded_410cf5,0.8826725641094626
Emergent_anticipation_awareness_450e7c,Emergent_abstraction_appears_601296,0.9259387331787035
Emergent_anticipation_awareness_450e7c,Emergent_abstraction_appears_d52a74,0.9
Emergent_anticipation_awareness_450e7c,Emergent_abstraction_beneficence_898daf,0.8861836380229202
Emergent_anticipation_awareness_450e7c,Emergent_abstraction_bounded_d78044,0.8861092303799518
Emergent_anticipation_awareness_450e7c,Emergent_anticipation_awareness_bcd71d,0.8855904400000201
Emergent_anticipation_awareness_450e7c,Emergent_abstraction_appears_ce8722,0.8849522537480896
Emergent_autonomy_beneficence_f6c1c5,Emergent_abstraction_appears_601296,0.9259387331787035
Emergent_autonomy_beneficence_f6c1c5,Emergent_abstraction_appears_d52a74,0.9
Emergent_autonomy_beneficence_f6c1c5,Emergent_abstraction_beneficence_898daf,0.8883059823869539
Emergent_autonomy_beneficence_f6c1c5,Emergent_abstraction_bounded_d78044,0.8882719174435116
Emergent_autonomy_beneficence_f6c1c5,Emergent_anticipation_awareness_bcd71d,0.887712784364054
Emergent_autonomy_beneficence_f6c1c5,Emergent_abstraction_appears_ce8722,0.8871366184018352
Emergent_autonomy_bounded_72bafc,Emergent_abstraction_appears_d52a74,0.9
Emergent_autonomy_bounded_72bafc,Emergent_abstraction_beneficence_898daf,0.8884260214924338
Emergent_autonomy_bounded_72bafc,Emergent_anticipation_autonomy_beca79,0.8871498285292789
Emergent_autonomy_bounded_72bafc,Emergent_attention_autonomy_c9f3a2,0.8870411904425732
Emergent_autonomy_bounded_72bafc,Emergent_abstraction_autonomy_a44037,0.8867046954123698
Emergent_autonomy_bounded_72bafc,Emergent_abstraction_autonomy_37c4a5,0.8866739093299802
Emergent_bounded_carefully_f79645,Emergent_abstraction_appears_601296,0.9259387331787035
Emergent_bounded_carefully_f79645,Emergent_abstraction_appears_d52a74,0.9
Emergent_bounded_carefully_f79645,Emergent_abstraction_beneficence_898daf,0.8841264564096594
Emergent_bounded_carefully_f79645,Emergent_abstraction_bounded_d78044,0.8840129447168956
Emergent_bounded_carefully_f79645,Emergent_anticipation_awareness_bcd71d,0.8835332583867592
Emergent_bounded_carefully_f79645,Emergent_abstraction_bounded_410cf5,0.882830193479903
Emergent_abstraction_emerges_7ed5b6,Emergent_abstraction_appears_d52a74,0.9
Emergent_abstraction_emerges_7ed5b6,Emergent_abstraction_beneficence_898daf,0.8884260214924338
Emergent_abstraction_emerges_7ed5b6,Emergent_anticipation_autonomy_beca79,0.8871498285292789
Emergent_abstraction_emerges_7ed5b6,Emergent_attention_autonomy_c9f3a2,0.8870411904425732
Emergent_abstraction_emerges_7ed5b6,Emergent_abstraction_autonomy_a44037,0.8867046954123698
Emergent_abstraction_emerges_7ed5b6,Emergent_abstraction_autonomy_37c4a5,0.8866739093299802
Emergent_attention_autonomy_af7c63,Emergent_abstraction_appears_601296,0.9259387331787035
Emergent_attention_autonomy_af7c63,Emergent_abstraction_appears_d52a74,0.9
Emergent_attention_autonomy_af7c63,Emergent_abstraction_beneficence_898daf,0.886377764595794
Emergent_attention_autonomy_af7c63,Emergent_abstraction_bounded_d78044,0.8863070470184591
Emergent_attention_autonomy_af7c63,Emergent_anticipation_awareness_bcd71d,0.8857845665728941
Emergent_attention_autonomy_af7c63,Emergent_abstraction_appears_ce8722,0.8851525896803498
Emergent_attention_autonomy_c9f3a2,Emergent_abstraction_appears_601296,0.9259387331787035
Emergent_attention_autonomy_c9f3a2,Emergent_abstraction_appears_d52a74,0.9
Emergent_attention_autonomy_c9f3a2,Emergent_abstraction_beneficence_898daf,0.8882143585900979
Emergent_attention_autonomy_c9f3a2,Emergent_abstraction_bounded_d78044,0.8881785520106757
Emergent_attention_autonomy_c9f3a2,Emergent_anticipation_awareness_bcd71d,0.887621160567198
Emergent_attention_autonomy_c9f3a2,Emergent_abstraction_appears_ce8722,0.887042640150213
Emergent_attention_autonomy_110d93,Emergent_abstraction_appears_d52a74,0.9
Emergent_attention_autonomy_110d93,Emergent_abstraction_beneficence_898daf,0.8884260214924338
Emergent_attention_autonomy_110d93,Emergent_anticipation_autonomy_beca79,0.8871498285292789
Emergent_attention_autonomy_110d93,Emergent_abstraction_autonomy_a44037,0.8867046954123698
Emergent_attention_autonomy_110d93,Emergent_abstraction_autonomy_37c4a5,0.8866739093299802
Emergent_attention_autonomy_110d93,Emergent_autonomy_clarity_dc06c1,0.8864718153131512
Emergent_bounded_clarity_42b09f,Emergent_abstraction_appears_d52a74,0.9
Emergent_bounded_clarity_42b09f,Emergent_abstraction_beneficence_898daf,0.8884260214924338
Emergent_bounded_clarity_42b09f,Emergent_anticipation_autonomy_beca79,0.8871498285292789
Emergent_bounded_clarity_42b09f,Emergent_abstraction_autonomy_a44037,0.8867046954123698
Emergent_bounded_clarity_42b09f,Emergent_abstraction_autonomy_37c4a5,0.8866739093299802
Emergent_bounded_clarity_42b09f,Emergent_autonomy_clarity_dc06c1,0.8864718153131512
Emergent_appears_asymmetry_8dba4c,Emergent_abstraction_appears_d52a74,0.9
Emergent_appears_asymmetry_8dba4c,Emergent_abstraction_beneficence_898daf,0.8884260214924338
Emergent_appears_asymmetry_8dba4c,Emergent_anticipation_autonomy_beca79,0.8871498285292789
Emergent_appears_asymmetry_8dba4c,Emergent_abstraction_autonomy_a44037,0.8867046954123698
Emergent_appears_asymmetry_8dba4c,Emergent_abstraction_autonomy_37c4a5,0.8866739093299802
Emergent_appears_asymmetry_8dba4c,Emergent_autonomy_clarity_dc06c1,0.8864718153131512
Emergent_bounded_coherence_799b61,Emergent_abstraction_appears_d52a74,0.9
Emergent_bounded_coherence_799b61,Emergent_abstraction_beneficence_898daf,0.8884260214924338
Emergent_bounded_coherence_799b61,Emergent_anticipation_autonomy_beca79,0.8871498285292789
Emergent_bounded_coherence_799b61,Emergent_abstraction_autonomy_a44037,0.8867046954123698
Emergent_bounded_coherence_799b61,Emergent_abstraction_autonomy_37c4a5,0.8866739093299802
Emergent_bounded_coherence_799b61,Emergent_autonomy_clarity_dc06c1,0.8864718153131512
Emergent_belief_revision_bounded_6c1d78,Emergent_abstraction_appears_d52a74,0.9
Emergent_belief_revision_bounded_6c1d78,Emergent_abstraction_beneficence_898daf,0.8884260214924338
Emergent_belief_revision_bounded_6c1d78,Emergent_anticipation_autonomy_beca79,0.8871498285292789
Emergent_belief_revision_bounded_6c1d78,Emergent_abstraction_autonomy_a44037,0.8867046954123698
Emergent_belief_revision_bounded_6c1d78,Emergent_abstraction_autonomy_37c4a5,0.8866739093299802
Emergent_belief_revision_bounded_6c1d78,Emergent_autonomy_clarity_dc06c1,0.8864718153131512
Emergent_bounded_coherence_a2e9f5,Emergent_abstraction_appears_d52a74,0.9
Emergent_bounded_coherence_a2e9f5,Emergent_abstraction_beneficence_898daf,0.8884260214924338
Emergent_bounded_coherence_a2e9f5,Emergent_anticipation_autonomy_beca79,0.8871498285292789
Emergent_bounded_coherence_a2e9f5,Emergent_abstraction_autonomy_a44037,0.8867046954123698
Emergent_bounded_coherence_a2e9f5,Emergent_abstraction_autonomy_37c4a5,0.8866739093299802
Emergent_bounded_coherence_a2e9f5,Emergent_autonomy_clarity_dc06c1,0.8864718153131512
Emergent_belief_revision_beneficence_ec5620,Emergent_abstraction_appears_601296,0.9259387331787035
Emergent_belief_revision_beneficence_ec5620,Emergent_abstraction_appears_d52a74,0.9
Emergent_belief_revision_beneficence_ec5620,Emergent_abstraction_beneficence_898daf,0.8847872714336438
Emergent_belief_revision_beneficence_ec5620,Emergent_abstraction_bounded_d78044,0.8846863208795939
Emergent_belief_revision_beneficence_ec5620,Emergent_anticipation_awareness_bcd71d,0.8841940734107439
Emergent_belief_revision_beneficence_ec5620,Emergent_abstraction_bounded_410cf5,0.8835116215534584
Emergent_carefully_coherence_7a9452,Emergent_abstraction_appears_d52a74,0.9
Emergent_carefully_coherence_7a9452,Emergent_abstraction_beneficence_898daf,0.8884260214924338
Emergent_carefully_coherence_7a9452,Emergent_anticipation_autonomy_beca79,0.8871498285292789
Emergent_carefully_coherence_7a9452,Emergent_abstraction_autonomy_a44037,0.8867046954123698
Emergent_carefully_coherence_7a9452,Emergent_abstraction_autonomy_37c4a5,0.8866739093299802
Emergent_carefully_coherence_7a9452,Emergent_autonomy_clarity_dc06c1,0.8864718144278279
Emergent_autonomy_clarity_dc06c1,Emergent_abstraction_appears_601296,0.9259387331787035
Emergent_autonomy_clarity_dc06c1,Emergent_abstraction_appears_d52a74,0.9
Emergent_autonomy_clarity_dc06c1,Emergent_abstraction_beneficence_898daf,0.8876593658587588
Emergent_autonomy_clarity_dc06c1,Emergent_abstraction_bounded_d78044,0.8876130096694907
Emergent_autonomy_clarity_dc06c1,Emergent_anticipation_awareness_bcd71d,0.8870661678358589
Emergent_autonomy_clarity_dc06c1,Emergent_abstraction_appears_ce8722,0.8864733218688163
Emergent_autonomy_belief_revision_95551d,Emergent_abstraction_appears_601296,0.9259387331787035
Emergent_autonomy_belief_revision_95551d,Emergent_abstraction_appears_d52a74,0.9
Emergent_autonomy_belief_revision_95551d,Emergent_abstraction_beneficence_898daf,0.8814505118529332
Emergent_autonomy_belief_revision_95551d,Emergent_abstraction_bounded_d78044,0.8812861343209448
Emergent_autonomy_belief_revision_95551d,Emergent_anticipation_awareness_bcd71d,0.8808573138300333
Emergent_autonomy_belief_revision_95551d,Emergent_abstraction_bounded_77e339,0.8801114712421267
Emergent_anticipation_autonomy_beca79,Emergent_abstraction_appears_601296,0.9259387331787035
Emergent_anticipation_autonomy_beca79,Emergent_abstraction_appears_d52a74,0.9
Emergent_anticipation_autonomy_beca79,Emergent_abstraction_beneficence_898daf,0.888320262373308
Emergent_anticipation_autonomy_beca79,Emergent_abstraction_bounded_d78044,0.8882864688717715
Emergent_anticipation_autonomy_beca79,Emergent_anticipation_awareness_bcd71d,0.887727064350408
Emergent_anticipation_autonomy_beca79,Emergent_abstraction_appears_ce8722,0.8871512652550746
Emergent_anticipation_autonomy_60f9ff,Emergent_abstraction_appears_d52a74,0.9
Emergent_anticipation_autonomy_60f9ff,Emergent_abstraction_beneficence_898daf,0.8884260214924338
Emergent_anticipation_autonomy_60f9ff,Emergent_abstraction_autonomy_a44037,0.8867046954123698
Emergent_anticipation_autonomy_60f9ff,Emergent_abstraction_autonomy_37c4a5,0.8866739093299802
Emergent_anticipation_autonomy_60f9ff,Emergent_carefully_coherence_24d288,0.8859015027029911
Emergent_anticipation_autonomy_60f9ff,Emergent_bounded_coherence_ec5f84,0.8856665657086522
Emergent_bounded_coherence_ec5f84,Emergent_abstraction_appears_601296,0.9259387331787035
Emergent_bounded_coherence_ec5f84,Emergent_abstraction_appears_d52a74,0.9
Emergent_bounded_coherence_ec5f84,Emergent_abstraction_beneficence_898daf,0.8868773007968156
Emergent_bounded_coherence_ec5f84,Emergent_abstraction_bounded_d78044,0.8868160786808212
Emergent_bounded_coherence_ec5f84,Emergent_anticipation_awareness_bcd71d,0.8862841027739157
Emergent_bounded_coherence_ec5f84,Emergent_abstraction_appears_ce8722,0.8856681041153287
Emergent_carefully_coherence_d9db0f,Emergent_abstraction_appears_d52a74,0.9
Emergent_carefully_coherence_d9db0f,Emergent_abstraction_beneficence_898daf,0.8884260214924338
Emergent_carefully_coherence_d9db0f,Emergent_abstraction_autonomy_a44037,0.8867046954123698
Emergent_carefully_coherence_d9db0f,Emergent_abstraction_autonomy_37c4a5,0.8866739093299802
Emergent_carefully_coherence_d9db0f,Emergent_carefully_coherence_24d288,0.8859015027029911
Emergent_carefully_coherence_d9db0f,Emergent_abstraction_autonomy_a1d776,0.8856657716460381
Emergent_anticipation_autonomy_a66f28,Emergent_abstraction_appears_601296,0.9259387331787035
Emergent_anticipation_autonomy_a66f28,Emergent_abstraction_appears_d52a74,0.9
Emergent_anticipation_autonomy_a66f28,Emergent_abstraction_beneficence_898daf,0.8864692809195074
Emergent_anticipation_autonomy_a66f28,Emergent_abstraction_bounded_d78044,0.8864003029352427
Emergent_anticipation_autonomy_a66f28,Emergent_anticipation_awareness_bcd71d,0.8858760828966072
Emergent_anticipation_autonomy_a66f28,Emergent_abstraction_appears_ce8722,0.8852470332578402
general,Emergent_anticipation_appears_dac47e,0.8353874534126882
general,Emergent_beneficence_carefully_a8eeec,0.8353867205138976
general,Emergent_carefully_coherence_24d288,0.8353867123204062
general,Emergent_bounded_emergence_0cd27f,0.8353853726542062
general,Emergent_abstraction_autonomy_a44037,0.8353818641403561
general,Emergent_abstraction_appears_ce8722,0.835381627839543
cognition,Emergent_anticipation_appears_dac47e,0.827631822949302
cognition,Emergent_beneficence_carefully_a8eeec,0.8276312199443432
cognition,Emergent_carefully_coherence_24d288,0.8276312121896898
cognition,Emergent_bounded_emergence_0cd27f,0.8276298880034385
cognition,Emergent_abstraction_appears_ce8722,0.8276271543406304
cognition,Emergent_abstraction_autonomy_a44037,0.8276271452032873
Emergent_anticipation_appears_dac47e,Emergent_abstraction_appears_601296,0.9259387331787035
Emergent_anticipation_appears_dac47e,Emergent_abstraction_appears_d52a74,0.9
Emergent_anticipation_appears_dac47e,Emergent_abstraction_beneficence_898daf,0.8817537800640118
Emergent_anticipation_appears_dac47e,Emergent_abstraction_bounded_d78044,0.8815951672224869
Emergent_anticipation_appears_dac47e,Emergent_anticipation_awareness_bcd71d,0.8811605820411119
Emergent_anticipation_appears_dac47e,Emergent_abstraction_bounded_77e339,0.8804241994116526
Emergent_carefully_coherence_24d288,Emergent_abstraction_appears_601296,0.9259387331787035
Emergent_carefully_coherence_24d288,Emergent_abstraction_appears_d52a74,0.9
Emergent_carefully_coherence_24d288,Emergent_abstraction_beneficence_898daf,0.8871049992833859
Emergent_carefully_coherence_24d288,Emergent_abstraction_bounded_d78044,0.8870481053865917
Emergent_carefully_coherence_24d288,Emergent_anticipation_awareness_bcd71d,0.886511801260486
Emergent_carefully_coherence_24d288,Emergent_abstraction_appears_ce8722,0.8859030857971564
Emergent_beneficence_carefully_a8eeec,Emergent_abstraction_appears_d52a74,0.9
Emergent_beneficence_carefully_a8eeec,Emergent_abstraction_beneficence_898daf,0.8884260214924338
Emergent_beneficence_carefully_a8eeec,Emergent_abstraction_autonomy_a44037,0.8867046954123698
Emergent_beneficence_carefully_a8eeec,Emergent_abstraction_autonomy_37c4a5,0.8866739093299802
Emergent_beneficence_carefully_a8eeec,Emergent_abstraction_autonomy_a1d776,0.8856657716460381
Emergent_beneficence_carefully_a8eeec,Emergent_abstraction_bounded_410cf5,0.8851591873752236
Emergent_bounded_emergence_0cd27f,Emergent_abstraction_appears_601296,0.9259387331787035
Emergent_bounded_emergence_0cd27f,Emergent_abstraction_appears_d52a74,0.9
Emergent_bounded_emergence_0cd27f,Emergent_abstraction_beneficence_898daf,0.8855763349122918
Emergent_bounded_emergence_0cd27f,Emergent_abstraction_bounded_d78044,0.8854903833147569
Emergent_bounded_emergence_0cd27f,Emergent_anticipation_awareness_bcd71d,0.8849831368893919
Emergent_bounded_emergence_0cd27f,Emergent_abstraction_appears_ce8722,0.8843255253562408
Emergent_abstraction_autonomy_a44037,Emergent_abstraction_appears_601296,0.9259387331787035
Emergent_abstraction_autonomy_a44037,Emergent_abstraction_appears_d52a74,0.9
Emergent_abstraction_autonomy_a44037,Emergent_abstraction_beneficence_898daf,0.8878900607348907
Emergent_abstraction_autonomy_a44037,Emergent_abstraction_bounded_d78044,0.8878480897218586
Emergent_abstraction_autonomy_a44037,Emergent_anticipation_awareness_bcd71d,0.8872968627119908
Emergent_abstraction_autonomy_a44037,Emergent_abstraction_appears_ce8722,0.8867096904507361
Emergent_abstraction_appears_ce8722,Emergent_abstraction_appears_d52a74,0.9
Emergent_abstraction_appears_ce8722,Emergent_abstraction_beneficence_898daf,0.8884260214924338
Emergent_abstraction_appears_ce8722,Emergent_abstraction_autonomy_37c4a5,0.8866739093299802
Emergent_abstraction_appears_ce8722,Emergent_abstraction_autonomy_a1d776,0.8856653367730614
Emergent_abstraction_appears_ce8722,Emergent_abstraction_bounded_410cf5,0.8851591873752236
Emergent_abstraction_appears_ce8722,Emergent_abstraction_autonomy_c124af,0.8841197419233651
Emergent_abstraction_autonomy_a1d776,Emergent_abstraction_appears_601296,0.9259387331787035
Emergent_abstraction_autonomy_a1d776,Emergent_abstraction_appears_d52a74,0.9
Emergent_abstraction_autonomy_a1d776,Emergent_abstraction_beneficence_898daf,0.8868876675211783
Emergent_abstraction_autonomy_a1d776,Emergent_abstraction_bounded_d78044,0.8868266424616338
Emergent_abstraction_autonomy_a1d776,Emergent_anticipation_awareness_bcd71d,0.8862944694982784
Emergent_abstraction_autonomy_a1d776,Emergent_abstraction_contradiction_4b7670,0.8856635401173101
Emergent_abstraction_beneficence_1063dd,Emergent_abstraction_appears_601296,0.9259387331787035
Emergent_abstraction_beneficence_1063dd,Emergent_abstraction_appears_d52a74,0.9
Emergent_abstraction_beneficence_1063dd,Emergent_abstraction_beneficence_898daf,0.8777793484234069
Emergent_abstraction_beneficence_1063dd,Emergent_abstraction_bounded_d78044,0.877545187379535
Emergent_abstraction_beneficence_1063dd,Emergent_anticipation_awareness_bcd71d,0.877186150400507
Emergent_abstraction_beneficence_1063dd,Emergent_abstraction_bounded_4cbc2f,0.8763387246535068
Emergent_abstraction_carefully_437869,Emergent_abstraction_appears_601296,0.9259387331787035
Emergent_abstraction_carefully_437869,Emergent_abstraction_appears_d52a74,0.9
Emergent_abstraction_carefully_437869,Emergent_abstraction_beneficence_898daf,0.8823249504734021
Emergent_abstraction_carefully_437869,Emergent_abstraction_bounded_d78044,0.8821771947560058
Emergent_abstraction_carefully_437869,Emergent_anticipation_awareness_bcd71d,0.8817317524505022
Emergent_abstraction_carefully_437869,Emergent_abstraction_bounded_410cf5,0.8809724924968954
Emergent_abstraction_autonomy_c124af,Emergent_abstraction_appears_601296,0.9259387331787035
Emergent_abstraction_autonomy_c124af,Emergent_abstraction_appears_d52a74,0.9
Emergent_abstraction_autonomy_c124af,Emergent_abstraction_beneficence_898daf,0.8853816665567804
Emergent_abstraction_autonomy_c124af,Emergent_abstraction_bounded_d78044,0.8852920145951073
Emergent_abstraction_autonomy_c124af,Emergent_anticipation_awareness_bcd71d,0.8847884685338805
Emergent_abstraction_autonomy_c124af,Emergent_abstraction_bounded_410cf5,0.8841245578654195
Emergent_abstraction_constraint_53a6d5,Emergent_abstraction_appears_601296,0.9259387331787035
Emergent_abstraction_constraint_53a6d5,Emergent_abstraction_appears_d52a74,0.9
Emergent_abstraction_constraint_53a6d5,Emergent_abstraction_beneficence_898daf,0.8844550635546116
Emergent_abstraction_constraint_53a6d5,Emergent_abstraction_bounded_d78044,0.8843477982088288
Emergent_abstraction_constraint_53a6d5,Emergent_anticipation_awareness_bcd71d,0.8838618655317114
Emergent_abstraction_constraint_53a6d5,Emergent_abstraction_bounded_410cf5,0.88316905099012
Emergent_abstraction_contradiction_4b7670,Emergent_abstraction_appears_d52a74,0.9
Emergent_abstraction_contradiction_4b7670,Emergent_abstraction_beneficence_898daf,0.8884260214924338
Emergent_abstraction_contradiction_4b7670,Emergent_abstraction_autonomy_37c4a5,0.8866739093299802
Emergent_abstraction_contradiction_4b7670,Emergent_abstraction_bounded_410cf5,0.8851591873752236
Emergent_abstraction_contradiction_4b7670,Emergent_abstraction_emerges_10d365,0.8837479291654604
Emergent_abstraction_contradiction_4b7670,Emergent_abstraction_coherence_97e8bf,0.8813379584814509
Emergent_abstraction_emerges_10d365,Emergent_abstraction_appears_601296,0.9259387331787035
Emergent_abstraction_emerges_10d365,Emergent_abstraction_appears_d52a74,0.9
Emergent_abstraction_emerges_10d365,Emergent_abstraction_beneficence_898daf,0.8850203556085676
Emergent_abstraction_emerges_10d365,Emergent_abstraction_bounded_d78044,0.884923835647871
Emergent_abstraction_emerges_10d365,Emergent_anticipation_awareness_bcd71d,0.8844271575856675
Emergent_abstraction_emerges_10d365,Emergent_abstraction_bounded_410cf5,0.8837519764100061
Emergent_abstraction_contradiction_5c7672,Emergent_abstraction_appears_601296,0.9259387331787035
Emergent_abstraction_contradiction_5c7672,Emergent_abstraction_appears_d52a74,0.9
Emergent_abstraction_contradiction_5c7672,Emergent_abstraction_beneficence_898daf,0.8811800230213827
Emergent_abstraction_contradiction_5c7672,Emergent_abstraction_bounded_d78044,0.8810105038875689
Emergent_abstraction_contradiction_5c7672,Emergent_anticipation_awareness_bcd71d,0.8805868249984827
Emergent_abstraction_contradiction_5c7672,Emergent_abstraction_bounded_77e339,0.8798325449515434
Emergent_abstraction_bounded_77e339,Emergent_abstraction_appears_601296,0.9259387331787035
Emergent_abstraction_bounded_77e339,Emergent_abstraction_appears_d52a74,0.9
Emergent_abstraction_bounded_77e339,Emergent_abstraction_beneficence_898daf,0.881887975359825
Emergent_abstraction_bounded_77e339,Emergent_abstraction_bounded_d78044,0.8817319133769583
Emergent_abstraction_bounded_77e339,Emergent_anticipation_awareness_bcd71d,0.8812947773369251
Emergent_abstraction_bounded_77e339,Emergent_abstraction_bounded_410cf5,0.8805218866555802
Emergent_abstraction_bounded_410cf5,Emergent_abstraction_appears_601296,0.9259387331787035
Emergent_abstraction_bounded_410cf5,Emergent_abstraction_appears_d52a74,0.9
Emergent_abstraction_bounded_410cf5,Emergent_abstraction_beneficence_898daf,0.8863849987511365
Emergent_abstraction_bounded_410cf5,Emergent_abstraction_bounded_d78044,0.886314418684641
Emergent_abstraction_bounded_410cf5,Emergent_anticipation_awareness_bcd71d,0.8857918007282366
Emergent_abstraction_bounded_410cf5,Emergent_abstraction_autonomy_9d570d,0.8851249906896674
Emergent_abstraction_autonomy_37c4a5,Emergent_abstraction_appears_601296,0.9259387331787035
Emergent_abstraction_autonomy_37c4a5,Emergent_abstraction_appears_d52a74,0.9
Emergent_abstraction_autonomy_37c4a5,Emergent_abstraction_beneficence_898daf,0.8878958118491702
Emergent_abstraction_autonomy_37c4a5,Emergent_abstraction_bounded_d78044,0.8878539501565101
Emergent_abstraction_autonomy_37c4a5,Emergent_anticipation_awareness_bcd71d,0.8873026138262703
Emergent_abstraction_autonomy_37c4a5,Emergent_abstraction_autonomy_9d570d,0.8865599203781267
Emergent_abstraction_autonomy_9d570d,Emergent_abstraction_appears_d52a74,0.9
Emergent_abstraction_autonomy_9d570d,Emergent_abstraction_beneficence_898daf,0.8884260214924338
Emergent_abstraction_autonomy_9d570d,Emergent_abstraction_coherence_97e8bf,0.8813379584814509
Emergent_abstraction_autonomy_9d570d,Emergent_abstraction_bounded_d78044,0.7586406533610563
Emergent_abstraction_autonomy_9d570d,Emergent_abstraction_bounded_4cbc2f,0.7575945341446879
Emergent_abstraction_autonomy_9d570d,Emergent_abstraction_belief_revision_657261,0.7565559060051223
Emergent_abstraction_coherence_97e8bf,Emergent_abstraction_appears_601296,0.9259387331787035
Emergent_abstraction_coherence_97e8bf,Emergent_abstraction_appears_d52a74,0.9
Emergent_abstraction_coherence_97e8bf,Emergent_abstraction_beneficence_898daf,0.8827598980688423
Emergent_abstraction_coherence_97e8bf,Emergent_abstraction_bounded_d78044,0.8826204100767265
Emergent_abstraction_coherence_97e8bf,Emergent_anticipation_awareness_bcd71d,0.8821667000459423
Emergent_abstraction_coherence_97e8bf,Emergent_abstraction_bounded_4cbc2f,0.8813192742989424
Emergent_abstraction_carefully_a0ed61,Emergent_abstraction_appears_d52a74,0.9
Emergent_abstraction_carefully_a0ed61,Emergent_abstraction_beneficence_898daf,0.8884260214924338
Emergent_abstraction_carefully_a0ed61,Emergent_abstraction_bounded_d78044,0.7548591567669172
Emergent_abstraction_carefully_a0ed61,Emergent_anticipation_awareness_bcd71d,0.7541748533472877
Emergent_abstraction_carefully_a0ed61,Emergent_abstraction_bounded_4cbc2f,0.7539798538673363
Emergent_abstraction_carefully_a0ed61,Emergent_abstraction_belief_revision_657261,0.7526604726859261
Emergent_abstraction_belief_revision_657261,Emergent_abstraction_appears_d52a74,0.9
Emergent_abstraction_belief_revision_657261,Emergent_abstraction_beneficence_898daf,0.8884260214924338
Emergent_abstraction_belief_revision_657261,Emergent_abstraction_bounded_d78044,0.7616818393311335
Emergent_abstraction_belief_revision_657261,Emergent_abstraction_bounded_4cbc2f,0.7577604834431084
Emergent_abstraction_belief_revision_657261,Emergent_anticipation_awareness_bcd71d,0.7541748533472877
Emergent_abstraction_belief_revision_657261,Emergent_abstraction_belief_revision_06a156,0.7498946505627803
Emergent_abstraction_bounded_d78044,Emergent_abstraction_appears_d52a74,0.9
Emergent_abstraction_bounded_d78044,Emergent_abstraction_beneficence_898daf,0.8884260214924338
Emergent_abstraction_bounded_d78044,Emergent_abstraction_bounded_4cbc2f,0.7577604834431084
Emergent_abstraction_bounded_d78044,Emergent_anticipation_awareness_bcd71d,0.7541748533472877
Emergent_abstraction_bounded_d78044,Emergent_abstraction_belief_revision_06a156,0.7498946505627803
Emergent_abstraction_bounded_d78044,Emergent_abstraction_appears_601296,0.3905341437290203
Emergent_abstraction_beneficence_898daf,Emergent_abstraction_appears_601296,0.9259387331787035
Emergent_abstraction_beneficence_898daf,Emergent_abstraction_appears_d52a74,0.9
Emergent_abstraction_beneficence_898daf,Emergent_anticipation_awareness_bcd71d,0.8878328234695338
Emergent_abstraction_beneficence_898daf,Emergent_abstraction_bounded_4cbc2f,0.8869853977225339
Emergent_abstraction_beneficence_898daf,Emergent_abstraction_belief_revision_06a156,0.8737380337227729
Emergent_anticipation_awareness_bcd71d,Emergent_abstraction_appears_d52a74,0.9
Emergent_anticipation_awareness_bcd71d,Emergent_abstraction_bounded_4cbc2f,0.7535816553243877
Emergent_anticipation_awareness_bcd71d,Emergent_abstraction_belief_revision_06a156,0.7444192974207515
Emergent_anticipation_awareness_bcd71d,Emergent_abstraction_appears_601296,0.3875587274229709
Emergent_abstraction_bounded_4cbc2f,Emergent_abstraction_appears_d52a74,0.9
Emergent_abstraction_bounded_4cbc2f,Emergent_abstraction_belief_revision_06a156,0.7491814101823737
Emergent_abstraction_bounded_4cbc2f,Emergent_abstraction_appears_601296,0.3905341437290203
Emergent_abstraction_belief_revision_06a156,Emergent_abstraction_appears_d52a74,0.9
Emergent_abstraction_belief_revision_06a156,Emergent_abstraction_appears_601296,0.3905341437290203
Emergent_abstraction_appears_601296,Emergent_abstraction_appears_d52a74,0.8259387331787035
